msg.timestamp,msg.id,msg.type,sensor.timestamp,sensor.id,sensor.value
1613131478.7969499,188b3a3a-c075-48ea-b470-2c4187bd1bd4,pubMeasurements,1613131478.7969499,"DownstreamThreadKey (DownstreamThreadID {cmdID = CmdID 7a4cbb3b-6d2a-11eb-8001-3cfdfe561100, processID = ProcessID {rawPid = 44182}, taskID = TaskID {fromTaskID = ""STREAM""}, threadID = ThreadID 0, rankID = RankID {fromRankID = 0}})",9.347781888205203
1613131478.9153972,1c018c02-8eab-4a74-a1af-f74125414b48,pubMeasurements,1613131478.9153972,"DownstreamThreadKey (DownstreamThreadID {cmdID = CmdID 7a4cbb3b-6d2a-11eb-8001-3cfdfe561100, processID = ProcessID {rawPid = 44182}, taskID = TaskID {fromTaskID = ""STREAM""}, threadID = ThreadID 0, rankID = RankID {fromRankID = 0}})",8.442576758852569
1613131479.0826378,8b26f7ed-e3a9-43a8-ae77-48afd7129b48,pubMeasurements,1613131479.0826378,"DownstreamThreadKey (DownstreamThreadID {cmdID = CmdID 7a4cbb3b-6d2a-11eb-8001-3cfdfe561100, processID = ProcessID {rawPid = 44182}, taskID = TaskID {fromTaskID = ""STREAM""}, threadID = ThreadID 0, rankID = RankID {fromRankID = 0}})",5.979412881449171
1613131479.1077259,f587adb0-7057-495c-ba85-a590388fd0ef,pubMeasurements,1613131479.1077259,RaplKey (PackageID 1),34.33255741888965
1613131479.1077259,f587adb0-7057-495c-ba85-a590388fd0ef,pubMeasurements,1613131479.1077259,RaplKey (PackageID 0),38.05911272636836
1613131479.2525501,32917fb4-ab1e-4c4d-9c26-03f5d3fc3889,pubMeasurements,1613131479.2525501,"DownstreamThreadKey (DownstreamThreadID {cmdID = CmdID 7a4cbb3b-6d2a-11eb-8001-3cfdfe561100, processID = ProcessID {rawPid = 44182}, taskID = TaskID {fromTaskID = ""STREAM""}, threadID = ThreadID 0, rankID = RankID {fromRankID = 0}})",5.885382182005444
1613131479.4706376,9d6e6355-582b-4e56-8df8-11da36cbac50,pubMeasurements,1613131479.4706376,"DownstreamThreadKey (DownstreamThreadID {cmdID = CmdID 7a4cbb3b-6d2a-11eb-8001-3cfdfe561100, processID = ProcessID {rawPid = 44182}, taskID = TaskID {fromTaskID = ""STREAM""}, threadID = ThreadID 0, rankID = RankID {fromRankID = 0}})",4.5853155270247035
1613131479.6586063,afde4c2f-bc11-421d-ac0e-ec69aacc37cd,pubMeasurements,1613131479.6586063,"DownstreamThreadKey (DownstreamThreadID {cmdID = CmdID 7a4cbb3b-6d2a-11eb-8001-3cfdfe561100, processID = ProcessID {rawPid = 44182}, taskID = TaskID {fromTaskID = ""STREAM""}, threadID = ThreadID 0, rankID = RankID {fromRankID = 0}})",5.32004032590567
1613131479.842612,9e684f11-cb0f-4809-b9ad-157f0014dc63,pubMeasurements,1613131479.842612,"DownstreamThreadKey (DownstreamThreadID {cmdID = CmdID 7a4cbb3b-6d2a-11eb-8001-3cfdfe561100, processID = ProcessID {rawPid = 44182}, taskID = TaskID {fromTaskID = ""STREAM""}, threadID = ThreadID 0, rankID = RankID {fromRankID = 0}})",5.43461277704637
1613131480.028054,f0cc7e87-bb3c-4b7c-aba4-83a2503d7d14,pubMeasurements,1613131480.028054,"DownstreamThreadKey (DownstreamThreadID {cmdID = CmdID 7a4cbb3b-6d2a-11eb-8001-3cfdfe561100, processID = ProcessID {rawPid = 44182}, taskID = TaskID {fromTaskID = ""STREAM""}, threadID = ThreadID 0, rankID = RankID {fromRankID = 0}})",5.3925216509744285
1613131480.1104684,1cd7f123-4fc0-4395-a341-cf11092274ac,pubMeasurements,1613131480.1104684,RaplKey (PackageID 1),37.73254150490445
1613131480.1104684,1cd7f123-4fc0-4395-a341-cf11092274ac,pubMeasurements,1613131480.1104684,RaplKey (PackageID 0),38.36398776355832
1613131480.2096856,475c6c46-2fec-4b40-996a-44840117d5fe,pubMeasurements,1613131480.2096856,"DownstreamThreadKey (DownstreamThreadID {cmdID = CmdID 7a4cbb3b-6d2a-11eb-8001-3cfdfe561100, processID = ProcessID {rawPid = 44182}, taskID = TaskID {fromTaskID = ""STREAM""}, threadID = ThreadID 0, rankID = RankID {fromRankID = 0}})",5.505645351101886
1613131480.7928977,17a97d14-9a40-4cb7-b29a-e18a713b856f,pubMeasurements,1613131480.7928977,"DownstreamThreadKey (DownstreamThreadID {cmdID = CmdID 7a4cbb3b-6d2a-11eb-8001-3cfdfe561100, processID = ProcessID {rawPid = 44182}, taskID = TaskID {fromTaskID = ""STREAM""}, threadID = ThreadID 0, rankID = RankID {fromRankID = 0}})",5.263206371637633
1613131480.9770112,e1ce989b-d358-4963-a9d7-677093fbf0ad,pubMeasurements,1613131480.9770112,"DownstreamThreadKey (DownstreamThreadID {cmdID = CmdID 7a4cbb3b-6d2a-11eb-8001-3cfdfe561100, processID = ProcessID {rawPid = 44182}, taskID = TaskID {fromTaskID = ""STREAM""}, threadID = ThreadID 0, rankID = RankID {fromRankID = 0}})",5.431432241524928
1613131481.1088276,c184297f-71b0-4891-a614-7de3d727869b,pubMeasurements,1613131481.1088276,RaplKey (PackageID 1),37.82569951647804
1613131481.1088276,c184297f-71b0-4891-a614-7de3d727869b,pubMeasurements,1613131481.1088276,RaplKey (PackageID 0),38.478868202984195
1613131481.1613967,701b774f-4d9a-4a91-896f-7c61e0e90909,pubMeasurements,1613131481.1613967,"DownstreamThreadKey (DownstreamThreadID {cmdID = CmdID 7a4cbb3b-6d2a-11eb-8001-3cfdfe561100, processID = ProcessID {rawPid = 44182}, taskID = TaskID {fromTaskID = ""STREAM""}, threadID = ThreadID 0, rankID = RankID {fromRankID = 0}})",5.423419954389038
1613131481.3728597,e99d9c09-4566-4b33-b843-da441914a39d,pubMeasurements,1613131481.3728597,"DownstreamThreadKey (DownstreamThreadID {cmdID = CmdID 7a4cbb3b-6d2a-11eb-8001-3cfdfe561100, processID = ProcessID {rawPid = 44182}, taskID = TaskID {fromTaskID = ""STREAM""}, threadID = ThreadID 0, rankID = RankID {fromRankID = 0}})",4.728959676160841
1613131481.5593538,7411c2cb-7999-495a-8783-1a0e2a9a92db,pubMeasurements,1613131481.5593538,"DownstreamThreadKey (DownstreamThreadID {cmdID = CmdID 7a4cbb3b-6d2a-11eb-8001-3cfdfe561100, processID = ProcessID {rawPid = 44182}, taskID = TaskID {fromTaskID = ""STREAM""}, threadID = ThreadID 0, rankID = RankID {fromRankID = 0}})",5.362095614207945
1613131481.935033,57c688dd-981d-4a0a-b65a-922b556e55ca,pubMeasurements,1613131481.935033,"DownstreamThreadKey (DownstreamThreadID {cmdID = CmdID 7a4cbb3b-6d2a-11eb-8001-3cfdfe561100, processID = ProcessID {rawPid = 44182}, taskID = TaskID {fromTaskID = ""STREAM""}, threadID = ThreadID 0, rankID = RankID {fromRankID = 0}})",5.280193466288605
1613131482.1083467,e20873e7-36ff-4bd7-afeb-ec3d5bed9b51,pubMeasurements,1613131482.1083467,RaplKey (PackageID 1),37.56002337125012
1613131482.1083467,e20873e7-36ff-4bd7-afeb-ec3d5bed9b51,pubMeasurements,1613131482.1083467,RaplKey (PackageID 0),38.589446523800774
1613131482.6998992,36bd254c-009f-45e1-84a1-421075f05a7c,pubMeasurements,1613131482.6998992,"DownstreamThreadKey (DownstreamThreadID {cmdID = CmdID 7a4cbb3b-6d2a-11eb-8001-3cfdfe561100, processID = ProcessID {rawPid = 44182}, taskID = TaskID {fromTaskID = ""STREAM""}, threadID = ThreadID 0, rankID = RankID {fromRankID = 0}})",5.208563920798577
1613131482.8928804,63958cbf-86ff-472f-9071-842ad277942f,pubMeasurements,1613131482.8928804,"DownstreamThreadKey (DownstreamThreadID {cmdID = CmdID 7a4cbb3b-6d2a-11eb-8001-3cfdfe561100, processID = ProcessID {rawPid = 44182}, taskID = TaskID {fromTaskID = ""STREAM""}, threadID = ThreadID 0, rankID = RankID {fromRankID = 0}})",5.181850568384235
1613131483.10815,bfcafe19-25a7-4786-8a01-ffdd9a604a43,pubMeasurements,1613131483.10815,RaplKey (PackageID 1),37.819416970286134
1613131483.10815,bfcafe19-25a7-4786-8a01-ffdd9a604a43,pubMeasurements,1613131483.10815,RaplKey (PackageID 0),38.85391950865229
1613131483.2640886,365c4082-92fe-4024-8029-6217c2322c0f,pubMeasurements,1613131483.2640886,"DownstreamThreadKey (DownstreamThreadID {cmdID = CmdID 7a4cbb3b-6d2a-11eb-8001-3cfdfe561100, processID = ProcessID {rawPid = 44182}, taskID = TaskID {fromTaskID = ""STREAM""}, threadID = ThreadID 0, rankID = RankID {fromRankID = 0}})",5.386218820525803
1613131484.1083815,5f7df614-c4a7-4a52-8526-a501df994fda,pubMeasurements,1613131484.1083815,RaplKey (PackageID 1),37.78070776616462
1613131484.1083815,5f7df614-c4a7-4a52-8526-a501df994fda,pubMeasurements,1613131484.1083815,RaplKey (PackageID 0),38.64940166351972
1613131484.2030876,b10d9a9e-d8be-4f39-915b-7a8538af45c9,pubMeasurements,1613131484.2030876,"DownstreamThreadKey (DownstreamThreadID {cmdID = CmdID 7a4cbb3b-6d2a-11eb-8001-3cfdfe561100, processID = ProcessID {rawPid = 44182}, taskID = TaskID {fromTaskID = ""STREAM""}, threadID = ThreadID 0, rankID = RankID {fromRankID = 0}})",5.3538421178728655
1613131484.3934343,22b41863-eaff-4ffc-a9e7-b44ed95f6a24,pubMeasurements,1613131484.3934343,"DownstreamThreadKey (DownstreamThreadID {cmdID = CmdID 7a4cbb3b-6d2a-11eb-8001-3cfdfe561100, processID = ProcessID {rawPid = 44182}, taskID = TaskID {fromTaskID = ""STREAM""}, threadID = ThreadID 0, rankID = RankID {fromRankID = 0}})",5.253577029259797
1613131484.79128,87fdb9d8-d3d1-4c33-b4d0-22e387a9d200,pubMeasurements,1613131484.79128,"DownstreamThreadKey (DownstreamThreadID {cmdID = CmdID 7a4cbb3b-6d2a-11eb-8001-3cfdfe561100, processID = ProcessID {rawPid = 44182}, taskID = TaskID {fromTaskID = ""STREAM""}, threadID = ThreadID 0, rankID = RankID {fromRankID = 0}})",4.8490197100528665
1613131485.1081076,61515675-d2fa-4cb4-9448-a1d6d2e244dc,pubMeasurements,1613131485.1081076,RaplKey (PackageID 1),37.652728434405745
1613131485.1081076,61515675-d2fa-4cb4-9448-a1d6d2e244dc,pubMeasurements,1613131485.1081076,RaplKey (PackageID 0),38.55311891628488
1613131485.1705341,fa8d3432-cfec-40db-afec-05f415485f80,pubMeasurements,1613131485.1705341,"DownstreamThreadKey (DownstreamThreadID {cmdID = CmdID 7a4cbb3b-6d2a-11eb-8001-3cfdfe561100, processID = ProcessID {rawPid = 44182}, taskID = TaskID {fromTaskID = ""STREAM""}, threadID = ThreadID 0, rankID = RankID {fromRankID = 0}})",5.33164142578755
1613131485.5867379,3db2d1aa-6eb7-4a5d-828f-0a1cf1c12bea,pubMeasurements,1613131485.5867379,"DownstreamThreadKey (DownstreamThreadID {cmdID = CmdID 7a4cbb3b-6d2a-11eb-8001-3cfdfe561100, processID = ProcessID {rawPid = 44182}, taskID = TaskID {fromTaskID = ""STREAM""}, threadID = ThreadID 0, rankID = RankID {fromRankID = 0}})",4.768757011563044
1613131485.9574301,62b1fc05-6133-4d6a-add2-22b9a73717c3,pubMeasurements,1613131485.9574301,"DownstreamThreadKey (DownstreamThreadID {cmdID = CmdID 7a4cbb3b-6d2a-11eb-8001-3cfdfe561100, processID = ProcessID {rawPid = 44182}, taskID = TaskID {fromTaskID = ""STREAM""}, threadID = ThreadID 0, rankID = RankID {fromRankID = 0}})",5.400705332116375
1613131486.1083932,17e01767-6f0c-4e82-9e56-79d8a28fc1d8,pubMeasurements,1613131486.1083932,RaplKey (PackageID 1),37.823271455981924
1613131486.1083932,17e01767-6f0c-4e82-9e56-79d8a28fc1d8,pubMeasurements,1613131486.1083932,RaplKey (PackageID 0),38.34783969178028
1613131486.143782,56310d48-aeb5-4b8d-8979-b7edd98cbfb5,pubMeasurements,1613131486.143782,"DownstreamThreadKey (DownstreamThreadID {cmdID = CmdID 7a4cbb3b-6d2a-11eb-8001-3cfdfe561100, processID = ProcessID {rawPid = 44182}, taskID = TaskID {fromTaskID = ""STREAM""}, threadID = ThreadID 0, rankID = RankID {fromRankID = 0}})",5.366195917129836
1613131486.3335285,6a1b1e4d-20d3-4203-8e6d-f38501f0d437,pubMeasurements,1613131486.3335285,"DownstreamThreadKey (DownstreamThreadID {cmdID = CmdID 7a4cbb3b-6d2a-11eb-8001-3cfdfe561100, processID = ProcessID {rawPid = 44182}, taskID = TaskID {fromTaskID = ""STREAM""}, threadID = ThreadID 0, rankID = RankID {fromRankID = 0}})",5.270189436959311
1613131486.5605602,fb651c17-1ca6-4f62-875c-f170367d7a44,pubMeasurements,1613131486.5605602,"DownstreamThreadKey (DownstreamThreadID {cmdID = CmdID 7a4cbb3b-6d2a-11eb-8001-3cfdfe561100, processID = ProcessID {rawPid = 44182}, taskID = TaskID {fromTaskID = ""STREAM""}, threadID = ThreadID 0, rankID = RankID {fromRankID = 0}})",4.404670271889284
1613131486.9325883,c7cc9aa2-c4cf-42ad-9327-0d315d4c669a,pubMeasurements,1613131486.9325883,"DownstreamThreadKey (DownstreamThreadID {cmdID = CmdID 7a4cbb3b-6d2a-11eb-8001-3cfdfe561100, processID = ProcessID {rawPid = 44182}, taskID = TaskID {fromTaskID = ""STREAM""}, threadID = ThreadID 0, rankID = RankID {fromRankID = 0}})",5.397425967556072
1613131487.1083436,47ca8f06-a242-45d9-9eb8-52ce9150424f,pubMeasurements,1613131487.1083436,RaplKey (PackageID 1),37.675230923933455
1613131487.1083436,47ca8f06-a242-45d9-9eb8-52ce9150424f,pubMeasurements,1613131487.1083436,RaplKey (PackageID 0),38.33724869379733
1613131487.1196856,b2d2a0a8-f297-488c-9ca1-1a2ccb1d3925,pubMeasurements,1613131487.1196856,"DownstreamThreadKey (DownstreamThreadID {cmdID = CmdID 7a4cbb3b-6d2a-11eb-8001-3cfdfe561100, processID = ProcessID {rawPid = 44182}, taskID = TaskID {fromTaskID = ""STREAM""}, threadID = ThreadID 0, rankID = RankID {fromRankID = 0}})",5.344813993791999
1613131487.4879029,3de5c081-0ff7-4d43-b589-7bb2316f62c7,pubMeasurements,1613131487.4879029,"DownstreamThreadKey (DownstreamThreadID {cmdID = CmdID 7a4cbb3b-6d2a-11eb-8001-3cfdfe561100, processID = ProcessID {rawPid = 44182}, taskID = TaskID {fromTaskID = ""STREAM""}, threadID = ThreadID 0, rankID = RankID {fromRankID = 0}})",5.382109598588811
1613131488.1097486,02ea8d2d-ca00-4c9e-ac78-87f9df47f5a9,pubMeasurements,1613131488.1097486,RaplKey (PackageID 1),37.74167594531822
1613131488.1097486,02ea8d2d-ca00-4c9e-ac78-87f9df47f5a9,pubMeasurements,1613131488.1097486,RaplKey (PackageID 0),38.550718240885736
1613131488.1145089,a6b4b61f-533d-42e1-b3c0-4c1102146a3f,pubMeasurements,1613131488.1145089,"DownstreamThreadKey (DownstreamThreadID {cmdID = CmdID 7a4cbb3b-6d2a-11eb-8001-3cfdfe561100, processID = ProcessID {rawPid = 44182}, taskID = TaskID {fromTaskID = ""STREAM""}, threadID = ThreadID 0, rankID = RankID {fromRankID = 0}})",4.311729413108951
1613131488.3141387,68c64c6b-4f79-4174-a794-4c496d8db3c0,pubMeasurements,1613131488.3141387,"DownstreamThreadKey (DownstreamThreadID {cmdID = CmdID 7a4cbb3b-6d2a-11eb-8001-3cfdfe561100, processID = ProcessID {rawPid = 44182}, taskID = TaskID {fromTaskID = ""STREAM""}, threadID = ThreadID 0, rankID = RankID {fromRankID = 0}})",5.009273417413988
1613131489.0645578,0c85bdec-96e7-499b-bf58-61f1923bff40,pubMeasurements,1613131489.0645578,"DownstreamThreadKey (DownstreamThreadID {cmdID = CmdID 7a4cbb3b-6d2a-11eb-8001-3cfdfe561100, processID = ProcessID {rawPid = 44182}, taskID = TaskID {fromTaskID = ""STREAM""}, threadID = ThreadID 0, rankID = RankID {fromRankID = 0}})",5.402441363252054
1613131489.1085515,f60eee4f-dc42-4c16-8ceb-9d4334b45f59,pubMeasurements,1613131489.1085515,RaplKey (PackageID 1),37.888098525959236
1613131489.1085515,f60eee4f-dc42-4c16-8ceb-9d4334b45f59,pubMeasurements,1613131489.1085515,RaplKey (PackageID 0),38.570127084647
1613131489.4565241,eb7219e2-a3a0-47ee-a9c3-8f6e1a38f506,pubMeasurements,1613131489.4565241,"DownstreamThreadKey (DownstreamThreadID {cmdID = CmdID 7a4cbb3b-6d2a-11eb-8001-3cfdfe561100, processID = ProcessID {rawPid = 44182}, taskID = TaskID {fromTaskID = ""STREAM""}, threadID = ThreadID 0, rankID = RankID {fromRankID = 0}})",5.135256230028667
1613131490.0200114,054504b7-8df8-4a43-8a75-0c3fcf67c6b1,pubMeasurements,1613131490.0200114,"DownstreamThreadKey (DownstreamThreadID {cmdID = CmdID 7a4cbb3b-6d2a-11eb-8001-3cfdfe561100, processID = ProcessID {rawPid = 44182}, taskID = TaskID {fromTaskID = ""STREAM""}, threadID = ThreadID 0, rankID = RankID {fromRankID = 0}})",5.3280124249249745
1613131490.1082966,9156fd3c-3e01-482e-be3d-5874a32f37d0,pubMeasurements,1613131490.1082966,RaplKey (PackageID 1),37.70476028767726
1613131490.1082966,9156fd3c-3e01-482e-be3d-5874a32f37d0,pubMeasurements,1613131490.1082966,RaplKey (PackageID 0),38.350064678978754
1613131490.2049224,99f759e4-6245-448a-adc0-9745933bcc6d,pubMeasurements,1613131490.2049224,"DownstreamThreadKey (DownstreamThreadID {cmdID = CmdID 7a4cbb3b-6d2a-11eb-8001-3cfdfe561100, processID = ProcessID {rawPid = 44182}, taskID = TaskID {fromTaskID = ""STREAM""}, threadID = ThreadID 0, rankID = RankID {fromRankID = 0}})",5.408007095305309
1613131490.5903249,89143697-b122-4e91-b2c8-70a984c8b271,pubMeasurements,1613131490.5903249,"DownstreamThreadKey (DownstreamThreadID {cmdID = CmdID 7a4cbb3b-6d2a-11eb-8001-3cfdfe561100, processID = ProcessID {rawPid = 44182}, taskID = TaskID {fromTaskID = ""STREAM""}, threadID = ThreadID 0, rankID = RankID {fromRankID = 0}})",5.069618536553217
1613131490.7814493,46a3fa18-8428-4fbb-bd15-b15b049b8eb7,pubMeasurements,1613131490.7814493,"DownstreamThreadKey (DownstreamThreadID {cmdID = CmdID 7a4cbb3b-6d2a-11eb-8001-3cfdfe561100, processID = ProcessID {rawPid = 44182}, taskID = TaskID {fromTaskID = ""STREAM""}, threadID = ThreadID 0, rankID = RankID {fromRankID = 0}})",5.232191581926964
1613131490.9666896,c8c85e3d-8067-4d5f-a5f7-822879b8c83f,pubMeasurements,1613131490.9666896,"DownstreamThreadKey (DownstreamThreadID {cmdID = CmdID 7a4cbb3b-6d2a-11eb-8001-3cfdfe561100, processID = ProcessID {rawPid = 44182}, taskID = TaskID {fromTaskID = ""STREAM""}, threadID = ThreadID 0, rankID = RankID {fromRankID = 0}})",5.398394787309994
1613131491.1558099,57f440f6-3d7a-45c2-8a51-67d0199daa69,pubMeasurements,1613131491.1558099,"DownstreamThreadKey (DownstreamThreadID {cmdID = CmdID 7a4cbb3b-6d2a-11eb-8001-3cfdfe561100, processID = ProcessID {rawPid = 44182}, taskID = TaskID {fromTaskID = ""STREAM""}, threadID = ThreadID 0, rankID = RankID {fromRankID = 0}})",5.28764106434927
1613131491.3425894,fefc00f4-5e62-455b-b60d-a2d8fbf93a9f,pubMeasurements,1613131491.3425894,"DownstreamThreadKey (DownstreamThreadID {cmdID = CmdID 7a4cbb3b-6d2a-11eb-8001-3cfdfe561100, processID = ProcessID {rawPid = 44182}, taskID = TaskID {fromTaskID = ""STREAM""}, threadID = ThreadID 0, rankID = RankID {fromRankID = 0}})",5.353906611806971
1613131491.9021435,5ae313d1-99b1-461c-b6f8-bedc6eca61e7,pubMeasurements,1613131491.9021435,"DownstreamThreadKey (DownstreamThreadID {cmdID = CmdID 7a4cbb3b-6d2a-11eb-8001-3cfdfe561100, processID = ProcessID {rawPid = 44182}, taskID = TaskID {fromTaskID = ""STREAM""}, threadID = ThreadID 0, rankID = RankID {fromRankID = 0}})",5.3318830611407035
1613131492.1082351,95ce3db7-d2f4-452d-b87d-b2a45137f256,pubMeasurements,1613131492.1082351,RaplKey (PackageID 1),37.69661582667227
1613131492.1082351,95ce3db7-d2f4-452d-b87d-b2a45137f256,pubMeasurements,1613131492.1082351,RaplKey (PackageID 0),38.54256339246191
1613131492.2810373,92389030-4dd9-4321-a2da-20df1378991f,pubMeasurements,1613131492.2810373,"DownstreamThreadKey (DownstreamThreadID {cmdID = CmdID 7a4cbb3b-6d2a-11eb-8001-3cfdfe561100, processID = ProcessID {rawPid = 44182}, taskID = TaskID {fromTaskID = ""STREAM""}, threadID = ThreadID 0, rankID = RankID {fromRankID = 0}})",5.238454446400134
1613131492.4661908,82e4792f-e2cf-44e0-a25c-c88795569867,pubMeasurements,1613131492.4661908,"DownstreamThreadKey (DownstreamThreadID {cmdID = CmdID 7a4cbb3b-6d2a-11eb-8001-3cfdfe561100, processID = ProcessID {rawPid = 44182}, taskID = TaskID {fromTaskID = ""STREAM""}, threadID = ThreadID 0, rankID = RankID {fromRankID = 0}})",5.400924098113188
1613131492.6533291,2dddad0b-8cde-40c5-b05f-2f118d5dfe60,pubMeasurements,1613131492.6533291,"DownstreamThreadKey (DownstreamThreadID {cmdID = CmdID 7a4cbb3b-6d2a-11eb-8001-3cfdfe561100, processID = ProcessID {rawPid = 44182}, taskID = TaskID {fromTaskID = ""STREAM""}, threadID = ThreadID 0, rankID = RankID {fromRankID = 0}})",5.343643001898329
1613131492.8414626,3e5db187-cfe1-4928-990b-901acb168b06,pubMeasurements,1613131492.8414626,"DownstreamThreadKey (DownstreamThreadID {cmdID = CmdID 7a4cbb3b-6d2a-11eb-8001-3cfdfe561100, processID = ProcessID {rawPid = 44182}, taskID = TaskID {fromTaskID = ""STREAM""}, threadID = ThreadID 0, rankID = RankID {fromRankID = 0}})",5.3153744548419075
1613131493.028397,fecc24bc-68de-4ab2-8ade-879785b920cc,pubMeasurements,1613131493.028397,"DownstreamThreadKey (DownstreamThreadID {cmdID = CmdID 7a4cbb3b-6d2a-11eb-8001-3cfdfe561100, processID = ProcessID {rawPid = 44182}, taskID = TaskID {fromTaskID = ""STREAM""}, threadID = ThreadID 0, rankID = RankID {fromRankID = 0}})",5.3494673267909345
1613131493.108902,08b1c663-cd76-47e2-9b3b-1e3389e764ea,pubMeasurements,1613131493.108902,RaplKey (PackageID 1),37.86729398175363
1613131493.108902,08b1c663-cd76-47e2-9b3b-1e3389e764ea,pubMeasurements,1613131493.108902,RaplKey (PackageID 0),38.32768001936396
1613131493.2314382,c7896b7c-120d-41b6-8c81-211477c6feaf,pubMeasurements,1613131493.2314382,"DownstreamThreadKey (DownstreamThreadID {cmdID = CmdID 7a4cbb3b-6d2a-11eb-8001-3cfdfe561100, processID = ProcessID {rawPid = 44182}, taskID = TaskID {fromTaskID = ""STREAM""}, threadID = ThreadID 0, rankID = RankID {fromRankID = 0}})",4.925113646997405
1613131493.4138105,729216fa-d529-4839-8e5c-d96127534f69,pubMeasurements,1613131493.4138105,"DownstreamThreadKey (DownstreamThreadID {cmdID = CmdID 7a4cbb3b-6d2a-11eb-8001-3cfdfe561100, processID = ProcessID {rawPid = 44182}, taskID = TaskID {fromTaskID = ""STREAM""}, threadID = ThreadID 0, rankID = RankID {fromRankID = 0}})",5.483290358045152
1613131494.1082447,d3cd3258-b8ff-4c6b-a43f-95d2c00e06e1,pubMeasurements,1613131494.1082447,RaplKey (PackageID 1),37.541607221352486
1613131494.1082447,d3cd3258-b8ff-4c6b-a43f-95d2c00e06e1,pubMeasurements,1613131494.1082447,RaplKey (PackageID 0),38.7451532519577
1613131494.1744764,43886ffd-22e6-4bd4-b582-ac3d617a7a38,pubMeasurements,1613131494.1744764,"DownstreamThreadKey (DownstreamThreadID {cmdID = CmdID 7a4cbb3b-6d2a-11eb-8001-3cfdfe561100, processID = ProcessID {rawPid = 44182}, taskID = TaskID {fromTaskID = ""STREAM""}, threadID = ThreadID 0, rankID = RankID {fromRankID = 0}})",5.1749455013551895
1613131494.7935703,51556195-5962-4a29-8457-202793f1a331,pubMeasurements,1613131494.7935703,"DownstreamThreadKey (DownstreamThreadID {cmdID = CmdID 7a4cbb3b-6d2a-11eb-8001-3cfdfe561100, processID = ProcessID {rawPid = 44182}, taskID = TaskID {fromTaskID = ""STREAM""}, threadID = ThreadID 0, rankID = RankID {fromRankID = 0}})",5.044403360581518
1613131495.1087103,c5f9b42c-f500-4bf2-ab12-12ed54ccf085,pubMeasurements,1613131495.1087103,RaplKey (PackageID 1),37.975999172376554
1613131495.1087103,c5f9b42c-f500-4bf2-ab12-12ed54ccf085,pubMeasurements,1613131495.1087103,RaplKey (PackageID 0),38.810813566300375
1613131495.1659784,1473bc42-1db9-44cd-be94-c2f21c31c559,pubMeasurements,1613131495.1659784,"DownstreamThreadKey (DownstreamThreadID {cmdID = CmdID 7a4cbb3b-6d2a-11eb-8001-3cfdfe561100, processID = ProcessID {rawPid = 44182}, taskID = TaskID {fromTaskID = ""STREAM""}, threadID = ThreadID 0, rankID = RankID {fromRankID = 0}})",5.41328392809535
1613131495.350841,2fe832c1-69e0-4fd9-ab26-685bc8319135,pubMeasurements,1613131495.350841,"DownstreamThreadKey (DownstreamThreadID {cmdID = CmdID 7a4cbb3b-6d2a-11eb-8001-3cfdfe561100, processID = ProcessID {rawPid = 44182}, taskID = TaskID {fromTaskID = ""STREAM""}, threadID = ThreadID 0, rankID = RankID {fromRankID = 0}})",5.4094259246737435
1613131495.7550616,bed0abe2-f881-4ed1-82bf-66b52ec41674,pubMeasurements,1613131495.7550616,"DownstreamThreadKey (DownstreamThreadID {cmdID = CmdID 7a4cbb3b-6d2a-11eb-8001-3cfdfe561100, processID = ProcessID {rawPid = 44182}, taskID = TaskID {fromTaskID = ""STREAM""}, threadID = ThreadID 0, rankID = RankID {fromRankID = 0}})",4.638557779615162
1613131495.9419434,9f370b2f-7c73-4d7b-b0a4-e2ffd9ce2b95,pubMeasurements,1613131495.9419434,"DownstreamThreadKey (DownstreamThreadID {cmdID = CmdID 7a4cbb3b-6d2a-11eb-8001-3cfdfe561100, processID = ProcessID {rawPid = 44182}, taskID = TaskID {fromTaskID = ""STREAM""}, threadID = ThreadID 0, rankID = RankID {fromRankID = 0}})",5.35097728911464
1613131496.1081946,26006bb9-e6c9-4ccf-bdc9-d356c39e2108,pubMeasurements,1613131496.1081946,RaplKey (PackageID 1),37.50660465468275
1613131496.1081946,26006bb9-e6c9-4ccf-bdc9-d356c39e2108,pubMeasurements,1613131496.1081946,RaplKey (PackageID 0),38.57215394534441
1613131496.177419,d1fe8020-cfd8-40a6-9dea-6fc98af28346,pubMeasurements,1613131496.177419,"DownstreamThreadKey (DownstreamThreadID {cmdID = CmdID 7a4cbb3b-6d2a-11eb-8001-3cfdfe561100, processID = ProcessID {rawPid = 44182}, taskID = TaskID {fromTaskID = ""STREAM""}, threadID = ThreadID 0, rankID = RankID {fromRankID = 0}})",4.246726304859741
1613131496.3589811,814151cc-ea94-4273-af72-d3a7a5343634,pubMeasurements,1613131496.3589811,"DownstreamThreadKey (DownstreamThreadID {cmdID = CmdID 7a4cbb3b-6d2a-11eb-8001-3cfdfe561100, processID = ProcessID {rawPid = 44182}, taskID = TaskID {fromTaskID = ""STREAM""}, threadID = ThreadID 0, rankID = RankID {fromRankID = 0}})",5.507752850606335
1613131496.907627,5fb2e394-e3a0-4eee-9762-6641d3bfcb53,pubMeasurements,1613131496.907627,"DownstreamThreadKey (DownstreamThreadID {cmdID = CmdID 7a4cbb3b-6d2a-11eb-8001-3cfdfe561100, processID = ProcessID {rawPid = 44182}, taskID = TaskID {fromTaskID = ""STREAM""}, threadID = ThreadID 0, rankID = RankID {fromRankID = 0}})",5.455120721821574
1613131497.1082618,6bcda4b8-0573-430e-880d-6a3eb550ad9b,pubMeasurements,1613131497.1082618,RaplKey (PackageID 1),37.87516389523632
1613131497.1082618,6bcda4b8-0573-430e-880d-6a3eb550ad9b,pubMeasurements,1613131497.1082618,RaplKey (PackageID 0),38.26948437717792
1613131497.2811944,440221b3-c378-4195-a298-4e707c5a96b8,pubMeasurements,1613131497.2811944,"DownstreamThreadKey (DownstreamThreadID {cmdID = CmdID 7a4cbb3b-6d2a-11eb-8001-3cfdfe561100, processID = ProcessID {rawPid = 44182}, taskID = TaskID {fromTaskID = ""STREAM""}, threadID = ThreadID 0, rankID = RankID {fromRankID = 0}})",5.367297592498665
1613131497.4653454,2448dd26-70bb-4095-b229-0b595e6e1bdb,pubMeasurements,1613131497.4653454,"DownstreamThreadKey (DownstreamThreadID {cmdID = CmdID 7a4cbb3b-6d2a-11eb-8001-3cfdfe561100, processID = ProcessID {rawPid = 44182}, taskID = TaskID {fromTaskID = ""STREAM""}, threadID = ThreadID 0, rankID = RankID {fromRankID = 0}})",5.430326199694815
1613131497.6520302,efabfeee-0735-41fb-82d1-fee186913539,pubMeasurements,1613131497.6520302,"DownstreamThreadKey (DownstreamThreadID {cmdID = CmdID 7a4cbb3b-6d2a-11eb-8001-3cfdfe561100, processID = ProcessID {rawPid = 44182}, taskID = TaskID {fromTaskID = ""STREAM""}, threadID = ThreadID 0, rankID = RankID {fromRankID = 0}})",5.356623934199232
1613131497.8370206,c210bf1b-db21-4330-b44d-6fde7bd3078c,pubMeasurements,1613131497.8370206,"DownstreamThreadKey (DownstreamThreadID {cmdID = CmdID 7a4cbb3b-6d2a-11eb-8001-3cfdfe561100, processID = ProcessID {rawPid = 44182}, taskID = TaskID {fromTaskID = ""STREAM""}, threadID = ThreadID 0, rankID = RankID {fromRankID = 0}})",5.405682994532151
1613131498.0212035,e98ffbdb-ba27-4620-867c-0ba6793c37ed,pubMeasurements,1613131498.0212035,"DownstreamThreadKey (DownstreamThreadID {cmdID = CmdID 7a4cbb3b-6d2a-11eb-8001-3cfdfe561100, processID = ProcessID {rawPid = 44182}, taskID = TaskID {fromTaskID = ""STREAM""}, threadID = ThreadID 0, rankID = RankID {fromRankID = 0}})",5.42939010303625
1613131498.1086864,25fd3238-c495-4f6b-b577-09f019512a08,pubMeasurements,1613131498.1086864,RaplKey (PackageID 1),37.81197681585976
1613131498.1086864,25fd3238-c495-4f6b-b577-09f019512a08,pubMeasurements,1613131498.1086864,RaplKey (PackageID 0),38.34879593613391
1613131498.2129195,6b06df4f-279d-41d4-95ff-9d9f32d8e3c8,pubMeasurements,1613131498.2129195,"DownstreamThreadKey (DownstreamThreadID {cmdID = CmdID 7a4cbb3b-6d2a-11eb-8001-3cfdfe561100, processID = ProcessID {rawPid = 44182}, taskID = TaskID {fromTaskID = ""STREAM""}, threadID = ThreadID 0, rankID = RankID {fromRankID = 0}})",5.216048738759415
1613131498.3984795,26770adb-de5a-46a9-8285-c836b3dd2fea,pubMeasurements,1613131498.3984795,"DownstreamThreadKey (DownstreamThreadID {cmdID = CmdID 7a4cbb3b-6d2a-11eb-8001-3cfdfe561100, processID = ProcessID {rawPid = 44182}, taskID = TaskID {fromTaskID = ""STREAM""}, threadID = ThreadID 0, rankID = RankID {fromRankID = 0}})",5.389092476826902
1613131498.5843322,d392e251-0ff1-4fe3-91d9-d2ad6ca9268a,pubMeasurements,1613131498.5843322,"DownstreamThreadKey (DownstreamThreadID {cmdID = CmdID 7a4cbb3b-6d2a-11eb-8001-3cfdfe561100, processID = ProcessID {rawPid = 44182}, taskID = TaskID {fromTaskID = ""STREAM""}, threadID = ThreadID 0, rankID = RankID {fromRankID = 0}})",5.380603730641596
1613131498.770115,cd6f3699-5927-4107-88b3-4701c5d79d72,pubMeasurements,1613131498.770115,"DownstreamThreadKey (DownstreamThreadID {cmdID = CmdID 7a4cbb3b-6d2a-11eb-8001-3cfdfe561100, processID = ProcessID {rawPid = 44182}, taskID = TaskID {fromTaskID = ""STREAM""}, threadID = ThreadID 0, rankID = RankID {fromRankID = 0}})",5.382631056973804
1613131498.954619,0d9b7ff5-9d91-400f-9b6d-32f9fc58d07f,pubMeasurements,1613131498.954619,"DownstreamThreadKey (DownstreamThreadID {cmdID = CmdID 7a4cbb3b-6d2a-11eb-8001-3cfdfe561100, processID = ProcessID {rawPid = 44182}, taskID = TaskID {fromTaskID = ""STREAM""}, threadID = ThreadID 0, rankID = RankID {fromRankID = 0}})",5.419936695139401
1613131499.1083736,bda1c938-7ba7-46be-817d-95084fa62036,pubMeasurements,1613131499.1083736,RaplKey (PackageID 1),37.688814176631645
1613131499.1083736,bda1c938-7ba7-46be-817d-95084fa62036,pubMeasurements,1613131499.1083736,RaplKey (PackageID 0),38.30924621675535
1613131499.1472912,9b0e9097-e210-449c-9c59-93171200309c,pubMeasurements,1613131499.1472912,"DownstreamThreadKey (DownstreamThreadID {cmdID = CmdID 7a4cbb3b-6d2a-11eb-8001-3cfdfe561100, processID = ProcessID {rawPid = 44182}, taskID = TaskID {fromTaskID = ""STREAM""}, threadID = ThreadID 0, rankID = RankID {fromRankID = 0}})",5.190161011769988
1613131499.3303928,d63a7013-2e2a-4a40-be6f-91ea38de8950,pubMeasurements,1613131499.3303928,"DownstreamThreadKey (DownstreamThreadID {cmdID = CmdID 7a4cbb3b-6d2a-11eb-8001-3cfdfe561100, processID = ProcessID {rawPid = 44182}, taskID = TaskID {fromTaskID = ""STREAM""}, threadID = ThreadID 0, rankID = RankID {fromRankID = 0}})",5.461444251625121
1613131499.5173802,39b8731e-32b1-4190-abd8-a0472a1cbac1,pubMeasurements,1613131499.5173802,"DownstreamThreadKey (DownstreamThreadID {cmdID = CmdID 7a4cbb3b-6d2a-11eb-8001-3cfdfe561100, processID = ProcessID {rawPid = 44182}, taskID = TaskID {fromTaskID = ""STREAM""}, threadID = ThreadID 0, rankID = RankID {fromRankID = 0}})",5.347958216402455
1613131499.7025251,fc0439a7-704b-490b-89d8-57b2a71500f6,pubMeasurements,1613131499.7025251,"DownstreamThreadKey (DownstreamThreadID {cmdID = CmdID 7a4cbb3b-6d2a-11eb-8001-3cfdfe561100, processID = ProcessID {rawPid = 44182}, taskID = TaskID {fromTaskID = ""STREAM""}, threadID = ThreadID 0, rankID = RankID {fromRankID = 0}})",5.401172054335791
1613131499.887844,0fdab251-3c06-4782-9295-e5d49c3d9f51,pubMeasurements,1613131499.887844,"DownstreamThreadKey (DownstreamThreadID {cmdID = CmdID 7a4cbb3b-6d2a-11eb-8001-3cfdfe561100, processID = ProcessID {rawPid = 44182}, taskID = TaskID {fromTaskID = ""STREAM""}, threadID = ThreadID 0, rankID = RankID {fromRankID = 0}})",5.396100777578122
1613131500.1074893,484d2aca-b829-43b5-a87e-3776825f9e79,pubMeasurements,1613131500.1074893,RaplKey (PackageID 1),37.63120239070924
1613131500.1074893,484d2aca-b829-43b5-a87e-3776825f9e79,pubMeasurements,1613131500.1074893,RaplKey (PackageID 0),38.411063983332085
1613131500.2625241,917b8e30-7b87-4ab9-8a4f-a8590d14df40,pubMeasurements,1613131500.2625241,"DownstreamThreadKey (DownstreamThreadID {cmdID = CmdID 7a4cbb3b-6d2a-11eb-8001-3cfdfe561100, processID = ProcessID {rawPid = 44182}, taskID = TaskID {fromTaskID = ""STREAM""}, threadID = ThreadID 0, rankID = RankID {fromRankID = 0}})",5.332807163026581
1613131500.4497876,3bbd6706-4861-4d0b-9e0f-5d89e7d0ee5c,pubMeasurements,1613131500.4497876,"DownstreamThreadKey (DownstreamThreadID {cmdID = CmdID 7a4cbb3b-6d2a-11eb-8001-3cfdfe561100, processID = ProcessID {rawPid = 44182}, taskID = TaskID {fromTaskID = ""STREAM""}, threadID = ThreadID 0, rankID = RankID {fromRankID = 0}})",5.340068940290019
1613131500.6334352,31a7d681-c4fc-485e-9f38-bf795c75f56f,pubMeasurements,1613131500.6334352,"DownstreamThreadKey (DownstreamThreadID {cmdID = CmdID 7a4cbb3b-6d2a-11eb-8001-3cfdfe561100, processID = ProcessID {rawPid = 44182}, taskID = TaskID {fromTaskID = ""STREAM""}, threadID = ThreadID 0, rankID = RankID {fromRankID = 0}})",5.44521433724935
1613131500.8192081,74a55f80-74fd-404c-a5e8-6a1c2ee5b854,pubMeasurements,1613131500.8192081,"DownstreamThreadKey (DownstreamThreadID {cmdID = CmdID 7a4cbb3b-6d2a-11eb-8001-3cfdfe561100, processID = ProcessID {rawPid = 44182}, taskID = TaskID {fromTaskID = ""STREAM""}, threadID = ThreadID 0, rankID = RankID {fromRankID = 0}})",5.382913555791208
1613131501.1082098,6db15cf1-75c5-44c0-983e-d11676df07e8,pubMeasurements,1613131501.1082098,RaplKey (PackageID 1),37.82110189608476
1613131501.1082098,6db15cf1-75c5-44c0-983e-d11676df07e8,pubMeasurements,1613131501.1082098,RaplKey (PackageID 0),38.28390244827744
1613131501.1935554,8fb7b3f4-60b2-4aef-808f-05b56133bb76,pubMeasurements,1613131501.1935554,"DownstreamThreadKey (DownstreamThreadID {cmdID = CmdID 7a4cbb3b-6d2a-11eb-8001-3cfdfe561100, processID = ProcessID {rawPid = 44182}, taskID = TaskID {fromTaskID = ""STREAM""}, threadID = ThreadID 0, rankID = RankID {fromRankID = 0}})",5.378281423953791
1613131501.4204326,d56d6468-6a88-4859-8ac5-08c1df29a31d,pubMeasurements,1613131501.4204326,"DownstreamThreadKey (DownstreamThreadID {cmdID = CmdID 7a4cbb3b-6d2a-11eb-8001-3cfdfe561100, processID = ProcessID {rawPid = 44182}, taskID = TaskID {fromTaskID = ""STREAM""}, threadID = ThreadID 0, rankID = RankID {fromRankID = 0}})",4.407669786194957
1613131501.8440025,df1a3181-e06a-4c88-a6c2-a555fab30a4f,pubMeasurements,1613131501.8440025,"DownstreamThreadKey (DownstreamThreadID {cmdID = CmdID 7a4cbb3b-6d2a-11eb-8001-3cfdfe561100, processID = ProcessID {rawPid = 44182}, taskID = TaskID {fromTaskID = ""STREAM""}, threadID = ThreadID 0, rankID = RankID {fromRankID = 0}})",4.793812147280291
